{"cameraMode":{"drawMode":0,"name":"Shaded","section":"Shading Mode"},"sceneLighting":true,"audioPlay":false,"sceneViewState":{"showFog":false,"showMaterialUpdate":false,"showSkybox":true,"showFlares":false,"showImageEffects":false,"showParticleSystems":false},"in2DMode":false,"pivot":{"x":-0.05434778332710266,"y":0.46130120754241946,"z":-0.10705379396677017},"rotation":{"x":0.05550206080079079,"y":-0.9374877214431763,"z":0.17641912400722505,"w":0.2949090301990509},"size":3.0339744091033937,"orthographic":false}